Frequency,Amplitude,Label
0.0,0.15589466272158192,1
0.1001001001001001,-0.08178772256468603,0
0.2002002002002002,0.15261348244356693,1
0.3003003003003003,0.23864521101222216,1
0.4004004004004004,0.2547873774235838,1
0.5005005005005005,0.5697379317400023,1
0.6006006006006006,0.5040718299085347,1
0.7007007007007008,0.763559546641231,1
0.8008008008008008,0.6064231849212824,1
0.9009009009009009,0.7544841965208844,1
1.001001001001001,0.8792294602933707,1
1.1011011011011012,0.8024964361885379,1
1.2012012012012012,0.976003798031421,1
1.3013013013013013,0.802649155727552,1
1.4014014014014016,0.9401811439862463,1
1.5015015015015016,1.0374084688037268,1
1.6016016016016017,1.1278329430710325,1
1.7017017017017018,1.2019846104240821,1
1.8018018018018018,1.0547301863416376,1
1.9019019019019021,0.9824950661898161,1
2.002002002002002,0.8908022042552864,1
2.1021021021021022,1.0112211225772365,1
2.2022022022022023,0.814247800421155,1
2.3023023023023024,0.7248328665180408,1
2.4024024024024024,0.6617694833985219,1
2.5025025025025025,0.6025362409070292,1
2.6026026026026026,0.5338677142576659,1
2.702702702702703,0.4938239809956104,1
2.802802802802803,0.24526571834894506,1
2.902902902902903,0.05789482829621481,1
3.0030030030030033,0.004012036253802087,1
3.1031031031031033,-0.0061181604878517495,0
3.2032032032032034,-0.48702601649697524,0
3.3033033033033035,-0.19741885645886717,0
3.4034034034034035,-0.30449101189218675,0
3.5035035035035036,-0.3114764427995265,0
3.6036036036036037,-0.5676750979917939,0
3.7037037037037037,-0.4372103379563358,0
3.8038038038038042,-0.697290231013972,0
3.9039039039039043,-0.7109486752790997,0
4.004004004004004,-0.8232660781983702,0
4.104104104104104,-0.9631696703248742,0
4.2042042042042045,-1.0097677112016215,0
4.3043043043043046,-0.9054639100307259,0
4.404404404404405,-0.8981221527647674,0
4.504504504504505,-0.9819784137951937,0
4.604604604604605,-1.0875186599643814,0
4.704704704704705,-1.038470769045059,0
4.804804804804805,-0.8711862532087181,0
4.904904904904905,-0.9313660511201178,0
5.005005005005005,-0.8747150251651716,0
5.105105105105105,-0.9426190161829554,0
5.205205205205205,-0.9009681331330239,0
5.305305305305305,-0.8700616766014635,0
5.405405405405406,-0.8288878560798818,0
5.505505505505506,-0.709559149461733,0
5.605605605605606,-0.7262737050799621,0
5.705705705705706,-0.6199310488305748,0
5.805805805805806,-0.28723354729351736,0
5.9059059059059065,-0.4363969447480651,0
6.0060060060060065,-0.42208086692069036,0
6.106106106106107,-0.12560289797303398,0
6.206206206206207,-0.12329094780515279,0
6.306306306306307,0.08054586047121122,1
6.406406406406407,0.057838830827431284,1
6.506506506506507,0.23039842613003392,1
6.606606606606607,0.2088562222140068,1
6.706706706706707,0.5321713526502126,1
6.806806806806807,0.5393510979422051,1
6.906906906906907,0.7557440017318999,1
7.007007007007007,0.5685331428472048,1
7.107107107107107,0.6316011257670197,1
7.207207207207207,0.8224105663925505,1
7.307307307307307,0.8718103226747114,1
7.407407407407407,0.9701500567810278,1
7.507507507507508,1.0175146229469803,1
7.6076076076076085,0.8245423477848255,1
7.7077077077077085,1.0616434928311071,1
7.807807807807809,0.9145699538668268,1
7.907907907907909,0.9168672392612225,1
8.008008008008009,0.9825856298367075,1
8.108108108108109,0.8370492554103566,1
8.208208208208209,0.9541800565417916,1
8.308308308308309,0.8335610410117652,1
8.408408408408409,0.7165513929101849,1
8.508508508508509,0.6972775502213676,1
8.608608608608609,0.7341987496029836,1
8.70870870870871,0.5525186488894358,1
8.80880880880881,0.5999909091809791,1
8.90890890890891,0.3948548996943144,1
9.00900900900901,0.5160419962100551,1
9.10910910910911,0.3526928878812842,1
9.20920920920921,0.17187328289474985,1
9.30930930930931,0.07046645605432324,1
9.40940940940941,0.12374243101006954,1
9.50950950950951,-0.12409708469144212,0
9.60960960960961,-0.09126619939287556,0
9.70970970970971,-0.30704912916797655,0
9.80980980980981,-0.5200211068859397,0
9.90990990990991,-0.38539148674433243,0
10.01001001001001,-0.43817744712352835,0
10.11011011011011,-0.5486661638321588,0
10.21021021021021,-0.6961864460335454,0
10.31031031031031,-0.6479430356971333,0
10.41041041041041,-0.7458687889272662,0
10.51051051051051,-0.6977774918362538,0
10.61061061061061,-0.7862451214973308,0
10.710710710710712,-0.823716570436517,0
10.810810810810812,-0.9933454851250113,0
10.910910910910912,-1.0174448546178485,0
11.011011011011012,-1.062636504498749,0
11.111111111111112,-0.8932666763022136,0
11.211211211211213,-0.9806590868384439,0
11.311311311311313,-0.8921776762647267,0
11.411411411411413,-0.8637571408539942,0
11.511511511511513,-0.81380959240626,0
11.611611611611613,-0.9708481653258961,0
11.711711711711713,-0.7335878648306032,0
11.811811811811813,-0.4881780042842497,0
11.911911911911913,-0.4300080167207213,0
12.012012012012013,-0.8136210554360082,0
12.112112112112113,-0.3361057356058823,0
12.212212212212213,-0.35189027186916383,0
12.312312312312313,-0.08855668192051921,0
12.412412412412413,-0.25053227212133033,0
12.512512512512513,-0.08554758640950066,0
12.612612612612613,0.05756901952006771,1
12.712712712712714,0.07318020331774981,1
12.812812812812814,0.3148793875183746,1
12.912912912912914,0.4569220561348843,1
13.013013013013014,0.38942452195659927,1
13.113113113113114,0.5096637023076417,1
13.213213213213214,0.7940950719821739,1
13.313313313313314,0.6550356971850004,1
13.413413413413414,0.6882831176292933,1
13.513513513513514,0.7437163114422634,1
13.613613613613614,0.6934094054570512,1
13.713713713713714,0.8907379919558138,1
13.813813813813814,0.8436534013163994,1
13.913913913913914,1.150127406616058,1
14.014014014014014,0.9385447297442067,1
14.114114114114114,1.022534714525059,1
14.214214214214214,1.0588548664145652,1
14.314314314314315,0.9537535542557478,1
14.414414414414415,0.9293121428967345,1
14.514514514514515,0.8603392520085854,1
14.614614614614615,0.9124060897955883,1
14.714714714714715,0.8070015310857744,1
14.814814814814815,0.8318939551089851,1
14.914914914914915,0.8518400699139369,1
15.015015015015017,0.6634183839233481,1
15.115115115115117,0.5058629214792907,1
15.215215215215217,0.529205258075567,1
15.315315315315317,0.46491680373506505,1
15.415415415415417,0.3579530389657731,1
15.515515515515517,0.18263869375263295,1
15.615615615615617,0.1243498947085837,1
15.715715715715717,0.05492751729601642,1
15.815815815815817,-0.038055305912467516,0
15.915915915915917,-0.14126583958157396,0
16.016016016016017,-0.4386778531085259,0
16.116116116116117,-0.4482869037206465,0
16.216216216216218,-0.5116935138164632,0
16.316316316316318,-0.46891075611451627,0
16.416416416416418,-0.7230612756721939,0
16.516516516516518,-0.8294382574069136,0
16.616616616616618,-0.813534859527479,0
16.716716716716718,-0.7342654915402276,0
16.816816816816818,-0.7464999026173922,0
16.916916916916918,-0.8723812001450322,0
17.017017017017018,-0.858389587022073,0
17.117117117117118,-1.0202748137535496,0
17.217217217217218,-1.0291669210674703,0
17.31731731731732,-0.9113536061430778,0
17.41741741741742,-0.8527804720619384,0
17.51751751751752,-1.010008473621301,0
17.61761761761762,-0.8977754325622668,0
17.71771771771772,-0.9093940297718031,0
17.81781781781782,-0.8658750575204939,0
17.91791791791792,-0.812470617537022,0
18.01801801801802,-0.9478693568298009,0
18.11811811811812,-0.4942850210535963,0
18.21821821821822,-0.5056898570890327,0
18.31831831831832,-0.44259821841162256,0
18.41841841841842,-0.5311949642973965,0
18.51851851851852,-0.4446465925994576,0
18.61861861861862,-0.3949470105341164,0
18.71871871871872,-0.059590917278710326,0
18.81881881881882,0.05116659224375361,1
18.91891891891892,0.04079724611094157,1
19.01901901901902,0.15934672162927957,1
19.11911911911912,0.06965754168459248,1
19.21921921921922,0.4829823775134835,1
19.31931931931932,0.42231660954655365,1
19.41941941941942,0.5577626578459345,1
19.51951951951952,0.7177517114840674,1
19.61961961961962,0.6489786707967417,1
19.71971971971972,0.9440110091804389,1
19.81981981981982,0.9455452403364192,1
19.91991991991992,0.7557886416477881,1
20.02002002002002,0.973974250619705,1
20.12012012012012,1.0382236422585844,1
20.22022022022022,0.9347454862264508,1
20.32032032032032,1.0525206762023418,1
20.42042042042042,1.078330722933447,1
20.52052052052052,1.0530108817502795,1
20.62062062062062,1.105787353847067,1
20.72072072072072,0.9760253414715386,1
20.82082082082082,0.993690096291439,1
20.92092092092092,0.6499944192186689,1
21.02102102102102,0.9536093326197019,1
21.12112112112112,0.794022457036486,1
21.22122122122122,0.7937623122486279,1
21.32132132132132,0.7339057759328491,1
21.421421421421424,0.47787303149185983,1
21.521521521521525,0.38997241202556654,1
21.621621621621625,0.3662762967490779,1
21.721721721721725,0.43844223727116804,1
21.821821821821825,0.1384136085170753,1
21.921921921921925,0.07432943966835079,1
22.022022022022025,-0.11394118189781685,0
22.122122122122125,-0.11126802295161523,0
22.222222222222225,-0.32644489213379674,0
22.322322322322325,-0.349207138280889,0
22.422422422422425,-0.5374944271591585,0
22.522522522522525,-0.3675347049476303,0
22.622622622622625,-0.606647335441995,0
22.722722722722725,-0.6982830619697525,0
22.822822822822825,-0.7641339766513795,0
22.922922922922925,-0.5717269813388155,0
23.023023023023026,-0.7745179177579917,0
23.123123123123126,-0.7696379728517391,0
23.223223223223226,-1.094152158657872,0
23.323323323323326,-1.0062192488824864,0
23.423423423423426,-1.1326455155433737,0
23.523523523523526,-0.9633297159945075,0
23.623623623623626,-1.0553791375889188,0
23.723723723723726,-0.9976244037717091,0
23.823823823823826,-0.9980825879084575,0
23.923923923923926,-0.8068215872118202,0
24.024024024024026,-0.9479411089186245,0
24.124124124124126,-0.8730658099203483,0
24.224224224224226,-0.953602112063754,0
24.324324324324326,-0.775885661363604,0
24.424424424424426,-0.6215514600121708,0
24.524524524524526,-0.6298653823376242,0
24.624624624624627,-0.3406457482853318,0
24.724724724724727,-0.4837646692980533,0
24.824824824824827,-0.46188546413277176,0
24.924924924924927,-0.4969215537348249,0
25.025025025025027,-0.028055518712772176,0
25.125125125125127,-0.14280870367494003,0
25.225225225225227,0.05555735334884954,1
25.325325325325327,0.25216408310703853,1
25.425425425425427,0.22088325087778254,1
25.525525525525527,0.4510510801425192,1
25.625625625625627,0.5169145573495567,1
25.725725725725727,0.5424663351127114,1
25.825825825825827,0.4742354670593858,1
25.925925925925927,0.652182201585194,1
26.026026026026027,0.6623001828259076,1
26.126126126126128,0.7406445412226742,1
26.226226226226228,0.9693954571841342,1
26.326326326326328,0.9699280561626309,1
26.426426426426428,1.066841178883171,1
26.526526526526528,0.955005861429488,1
26.626626626626628,1.016404179811794,1
26.726726726726728,1.0102005622680021,1
26.826826826826828,1.1494843507072772,1
26.926926926926928,0.8794154119944027,1
27.027027027027028,0.9409706418768585,1
27.127127127127128,0.9107329737590122,1
27.227227227227228,0.9980593571331317,1
27.32732732732733,0.6303879890971116,1
27.42742742742743,0.7013633846720729,1
27.52752752752753,0.5332691838301884,1
27.62762762762763,0.7056486021385431,1
27.72772772772773,0.6537545679181361,1
27.82782782782783,0.43865330152283155,1
27.92792792792793,0.32102878446778094,1
28.02802802802803,0.28449521450407306,1
28.12812812812813,0.14658772669020279,1
28.22822822822823,0.24396186864452182,1
28.32832832832833,-0.16089976862093827,0
28.42842842842843,-0.16668700636390427,0
28.52852852852853,-0.22367059316010007,0
28.62862862862863,-0.19740346787477028,0
28.72872872872873,-0.5552697244511816,0
28.82882882882883,-0.5565974639719025,0
28.92892892892893,-0.6651409074029343,0
29.02902902902903,-0.7841207351696727,0
29.12912912912913,-0.5351746684685796,0
29.22922922922923,-0.735231081030087,0
29.32932932932933,-0.8304522364314213,0
29.42942942942943,-0.9560584611398834,0
29.52952952952953,-0.8590470707666997,0
29.62962962962963,-0.9966190002140045,0
29.72972972972973,-1.0192905704129922,0
29.82982982982983,-0.9674204589662665,0
29.929929929929934,-1.0360331171288581,0
30.030030030030034,-0.9905521714701472,0
30.130130130130134,-0.8690375451434428,0
30.230230230230234,-1.0039021276676485,0
30.330330330330334,-1.009905967883567,0
30.430430430430434,-0.7768511666205352,0
30.530530530530534,-0.9540855626073481,0
30.630630630630634,-0.6342169518922023,0
30.730730730730734,-0.658925139195756,0
30.830830830830834,-0.48105182307942684,0
30.930930930930934,-0.4962602371381542,0
31.031031031031034,-0.37136566573424334,0
31.131131131131134,-0.3495498161135734,0
31.231231231231234,-0.2373803707702947,0
31.331331331331334,0.06964584831549364,1
31.431431431431434,0.076103649079617,1
31.531531531531535,0.16738761720811926,1
31.631631631631635,0.30719194028614893,1
31.731731731731735,0.5371293252634592,1
31.831831831831835,0.2787810385913531,1
31.931931931931935,0.5955118270154827,1
32.032032032032035,0.6335403825538545,1
32.132132132132135,0.6337272562313894,1
32.232232232232235,0.7678238008924918,1
32.332332332332335,0.6949800388642254,1
32.432432432432435,0.7232779214730771,1
32.532532532532535,0.765812825245025,1
32.632632632632635,0.903779817257607,1
32.732732732732735,0.8611081491653153,1
32.832832832832835,0.9284106957098259,1
32.932932932932935,1.0419205671717569,1
33.033033033033036,1.0830479423140253,1
33.133133133133136,1.0615533364325018,1
33.233233233233236,0.978796186794025,1
33.333333333333336,0.8948007196615633,1
33.433433433433436,0.8796845153546455,1
33.533533533533536,0.6740146891170035,1
33.633633633633636,0.950921292859892,1
33.733733733733736,0.6593598237176582,1
33.833833833833836,0.6323804803063885,1
33.933933933933936,0.5943435256549229,1
34.034034034034036,0.48912031778292925,1
34.134134134134136,0.4823954050224138,1
34.234234234234236,0.25039320277440213,1
34.334334334334336,0.23752985904017102,1
34.434434434434436,0.22249256847677257,1
34.53453453453454,0.02386101553548595,1
34.63463463463464,-0.012478634016109838,0
34.73473473473474,-0.23218112382303716,0
34.83483483483484,-0.2990171160060058,0
34.93493493493494,-0.28427750377314714,0
35.03503503503504,-0.4141100747473813,0
35.13513513513514,-0.6632338618498081,0
35.23523523523524,-0.7097557155075621,0
35.33533533533534,-0.6447004345756182,0
35.43543543543544,-0.7741237285081254,0
35.53553553553554,-0.9888442817807603,0
35.63563563563564,-0.9624460757427683,0
35.73573573573574,-0.9061022523549987,0
35.83583583583584,-0.9364425151590424,0
35.93593593593594,-0.8483828782468762,0
36.03603603603604,-1.1389392948080834,0
36.13613613613614,-0.7765190589835964,0
36.23623623623624,-0.9115237827507803,0
36.33633633633634,-1.0761700366065172,0
36.43643643643644,-0.8807736602613375,0
36.53653653653654,-0.9245976513859351,0
36.63663663663664,-1.0319932721302205,0
36.73673673673674,-0.8972600061423356,0
36.83683683683684,-0.9970517185114168,0
36.93693693693694,-0.6763977315610344,0
37.03703703703704,-0.8082900841916365,0
37.13713713713714,-0.5044161161337577,0
37.23723723723724,-0.353888180276089,0
37.33733733733734,-0.4366202476480389,0
37.43743743743744,-0.1421135324146336,0
37.53753753753754,-0.2367627825672423,0
37.63763763763764,-0.17741502818543575,0
37.73773773773774,-0.0687318308915419,0
37.83783783783784,0.1694213807853902,1
37.93793793793794,0.2348414852382539,1
38.03803803803804,0.42784962963726836,1
38.13813813813814,0.355895743231042,1
38.23823823823824,0.5749418652529392,1
38.33833833833834,0.7084081886229581,1
38.43843843843844,0.7112560215233207,1
38.53853853853854,0.8610909492922026,1
38.63863863863864,0.8074387524072462,1
38.73873873873874,0.8263743646937534,1
38.83883883883884,0.901003299462381,1
38.93893893893894,0.822593150190615,1
39.03903903903904,0.8600262899884628,1
39.13913913913914,1.0411871934487338,1
39.23923923923924,0.9692585125394877,1
39.33933933933934,1.078919552011943,1
39.43943943943944,0.9124866683601873,1
39.53953953953954,1.1324132624702208,1
39.63963963963964,0.8823878436959476,1
39.73973973973974,0.9462686779643246,1
39.83983983983984,0.8168025334190858,1
39.93993993993994,0.8111297484027711,1
40.04004004004004,0.6562387752389038,1
40.14014014014014,0.7545306772003513,1
40.24024024024024,0.5293134939917234,1
40.34034034034034,0.3366299540742117,1
40.44044044044044,0.5575851832531341,1
40.54054054054054,0.3609181036246002,1
40.64064064064064,0.19478937519153836,1
40.74074074074074,-0.06207018879025254,0
40.84084084084084,0.0005063171112548009,1
40.94094094094094,-0.05764110179159443,0
41.04104104104104,-0.09104058157293679,0
41.14114114114114,-0.28564403217627027,0
41.24124124124124,-0.3197300006014462,0
41.34134134134134,-0.4673939342634108,0
41.44144144144144,-0.35763347718929545,0
41.54154154154154,-0.6967297855501828,0
41.64164164164164,-0.7616166554582371,0
41.74174174174174,-0.7957046991227799,0
41.84184184184184,-1.0370030243521025,0
41.94194194194194,-0.9979075975805431,0
42.04204204204204,-0.9863298960947658,0
42.14214214214214,-0.8396485384452529,0
42.24224224224224,-0.9074048287014588,0
42.34234234234234,-0.8663325653464884,0
42.44244244244244,-1.0262888508913526,0
42.54254254254254,-0.9081482378587735,0
42.64264264264264,-1.0393505361629427,0
42.74274274274275,-1.1064921079250212,0
42.84284284284285,-0.8269161739676487,0
42.94294294294295,-0.8692484175926894,0
43.04304304304305,-0.5443532131322015,0
43.14314314314315,-0.7072178492985964,0
43.24324324324325,-0.6000452442875175,0
43.34334334334335,-0.46506716474342574,0
43.44344344344345,-0.3366567313456421,0
43.54354354354355,-0.6095679578455931,0
43.64364364364365,-0.44141302770904867,0
43.74374374374375,-0.1566569711547338,0
43.84384384384385,-0.29955604287910464,0
43.94394394394395,-0.15819315005671747,0
44.04404404404405,0.005859380166295225,1
44.14414414414415,0.09030641564810382,1
44.24424424424425,0.21094979164297484,1
44.34434434434435,0.3498931053669207,1
44.44444444444445,0.4745809315239269,1
44.54454454454455,0.4828430262615213,1
44.64464464464465,0.7164401992243679,1
44.74474474474475,0.5824532242639233,1
44.84484484484485,0.8159729134004452,1
44.94494494494495,0.9680842385866076,1
45.04504504504505,0.7823786078290657,1
45.14514514514515,1.0255187493322633,1
45.24524524524525,1.0210053703584359,1
45.34534534534535,1.0571994872552557,1
45.44544544544545,0.948845602778861,1
45.54554554554555,1.084606212894681,1
45.64564564564565,0.9398837199666643,1
45.74574574574575,0.8835056448580247,1
45.84584584584585,0.9624071840184022,1
45.94594594594595,0.9262244853663146,1
46.04604604604605,0.8603055579813152,1
46.14614614614615,0.8761517080597625,1
46.24624624624625,0.8832582143275127,1
46.34634634634635,0.6022009946221558,1
46.44644644644645,0.5251812394914127,1
46.54654654654655,0.7772765366808035,1
46.64664664664665,0.43509714939333377,1
46.74674674674675,0.4584725318601209,1
46.84684684684685,0.2943207270364942,1
46.94694694694695,0.07035878839944815,1
47.04704704704705,0.04751941509906042,1
47.14714714714715,0.08960048438585075,1
47.24724724724725,-0.23805664254003497,0
47.34734734734735,-0.2685561526511022,0
47.44744744744745,-0.4454956907481801,0
47.54754754754755,-0.3734118623949432,0
47.64764764764765,-0.4378854620651442,0
47.74774774774775,-0.528734333190384,0
47.84784784784785,-0.7657590523710867,0
47.94794794794795,-0.7243792558695913,0
48.04804804804805,-0.7954679165222382,0
48.14814814814815,-0.9259086805274382,0
48.24824824824825,-0.7124827928678227,0
48.34834834834835,-0.9885777878913293,0
48.44844844844845,-0.8219254885821226,0
48.54854854854855,-0.784192794782126,0
48.64864864864865,-1.02380936690216,0
48.74874874874875,-0.8950613933527295,0
48.84884884884885,-1.0657581991178597,0
48.94894894894895,-0.9852600370216722,0
49.04904904904905,-0.7732359278585115,0
49.14914914914915,-0.766795413722126,0
49.24924924924925,-0.8724264031043776,0
49.34934934934935,-0.8686450561500377,0
49.44944944944945,-0.6262118117408186,0
49.54954954954955,-0.5539850351322054,0
49.64964964964965,-0.4353937909651434,0
49.74974974974975,-0.5590220075618746,0
49.84984984984985,-0.49769093296047906,0
49.94994994994995,-0.12136950838132698,0
50.050050050050054,-0.2635852296317484,0
50.150150150150154,-0.042971782612194684,0
50.250250250250254,-0.03248315191778956,0
50.350350350350354,0.17119194864781734,1
50.450450450450454,0.13007575424078946,1
50.550550550550554,0.22318813273633234,1
50.650650650650654,0.46904072149325,1
50.750750750750754,0.4733340038174643,1
50.850850850850854,0.3840051876627356,1
50.950950950950954,0.6755925955869482,1
51.051051051051054,0.7052887569985571,1
51.151151151151154,0.788050211452487,1
51.251251251251254,0.6697248411179969,1
51.351351351351354,0.8176367922901953,1
51.451451451451454,0.9868862321534538,1
51.551551551551555,0.9524368598710843,1
51.651651651651655,0.9981021922835314,1
51.751751751751755,0.9294506652488206,1
51.851851851851855,0.9034713558239313,1
51.951951951951955,1.1682377145953,1
52.052052052052055,1.1007064377753062,1
52.152152152152155,1.0664594985735367,1
52.252252252252255,0.8985957815960968,1
52.352352352352355,1.047900971348431,1
52.452452452452455,0.9255049782527435,1
52.552552552552555,0.7661960871631807,1
52.652652652652655,0.5431158320876601,1
52.752752752752755,0.5710089424793133,1
52.852852852852855,0.5409316770118748,1
52.952952952952955,0.43374500377204683,1
53.053053053053056,0.36489100101921235,1
53.153153153153156,0.24028479005635717,1
53.253253253253256,-0.02310929619277763,0
53.353353353353356,-0.13590813144811226,0
53.453453453453456,-0.034639937625505976,0
53.553553553553556,-0.01308092574671002,0
53.653653653653656,-0.24589877553296524,0
53.753753753753756,-0.4150290542603927,0
53.853853853853856,-0.5670476757796603,0
53.953953953953956,-0.4913146505177549,0
54.054054054054056,-0.628189538220566,0
54.154154154154156,-0.9392133288231481,0
54.254254254254256,-0.735760842851364,0
54.354354354354356,-0.7805267940350776,0
54.454454454454456,-0.8646915989515982,0
54.55455455455456,-1.0226618708087127,0
54.65465465465466,-0.8444655578881834,0
54.75475475475476,-0.9987439760021471,0
54.85485485485486,-0.9465121191262414,0
54.95495495495496,-0.974491431129107,0
55.05505505505506,-0.8763556155948024,0
55.15515515515516,-0.8119281702342284,0
55.25525525525526,-1.0423208496422514,0
55.35535535535536,-0.9315406847690638,0
55.45545545545546,-0.8617554891846233,0
55.55555555555556,-0.8186902768370096,0
55.65565565565566,-0.6679874774494309,0
55.75575575575576,-0.6871608380958945,0
55.85585585585586,-0.6268158568794641,0
55.95595595595596,-0.35164443275777413,0
56.05605605605606,-0.3956761073763127,0
56.15615615615616,-0.2886155350131435,0
56.25625625625626,-0.37901520792741006,0
56.35635635635636,-0.10385628638576405,0
56.45645645645646,0.12084501385436122,1
56.55655655655656,0.07742583377694195,1
56.65665665665666,0.10442857925583042,1
56.75675675675676,0.2793841362142239,1
56.85685685685686,0.27903244321133774,1
56.95695695695696,0.37911176644369915,1
57.05705705705706,0.5675334034383764,1
57.15715715715716,0.5807459631687213,1
57.25725725725726,0.693384499938383,1
57.35735735735736,0.5978097946718726,1
57.45745745745746,0.8070437050909344,1
57.55755755755756,0.7521434149692756,1
57.65765765765766,0.88116272033891,1
57.75775775775776,0.8149700663540872,1
57.85785785785786,0.8710209752216372,1
57.95795795795796,1.127070537571901,1
58.05805805805806,0.9092887575175725,1
58.15815815815816,0.7921494597659937,1
58.25825825825826,0.908855353302664,1
58.35835835835836,0.9365011030077156,1
58.45845845845846,1.0852130701969944,1
58.55855855855856,0.877392069295428,1
58.65865865865866,0.9684357010660855,1
58.75875875875876,0.9025243939845196,1
58.85885885885886,0.5991366188991663,1
58.95895895895896,0.5778137112953482,1
59.05905905905906,0.42722506513138137,1
59.15915915915916,0.5634704243908261,1
59.25925925925926,0.5623722690278032,1
59.35935935935936,0.2216710327207398,1
59.45945945945946,0.2702822524918587,1
59.55955955955956,0.09152283628691053,1
59.65965965965966,-0.016850517684106166,0
59.75975975975976,0.020706399458183644,1
59.85985985985987,-0.2778973707362922,0
59.95995995995997,-0.262396050766779,0
60.06006006006007,-0.32132285939654825,0
60.16016016016017,-0.39762355920386544,0
60.26026026026027,-0.5649442483614348,0
60.36036036036037,-0.6964584446357314,0
60.46046046046047,-0.7297841388467923,0
60.56056056056057,-0.6846006570531546,0
60.66066066066067,-0.779234091587903,0
60.76076076076077,-0.9415130577509216,0
60.86086086086087,-0.8803745902570974,0
60.96096096096097,-0.9968754976696979,0
61.06106106106107,-1.0615152215817238,0
61.16116116116117,-0.961224455942324,0
61.26126126126127,-1.1083164710204079,0
61.36136136136137,-1.1159876699437696,0
61.46146146146147,-0.8585971135993751,0
61.56156156156157,-1.0514987495472363,0
61.66166166166167,-1.012439295700018,0
61.76176176176177,-0.8559379768596705,0
61.86186186186187,-0.8261839055401022,0
61.96196196196197,-0.5785887897685733,0
62.06206206206207,-0.6701599909960853,0
62.16216216216217,-0.6034767458286209,0
62.26226226226227,-0.42628862962853825,0
62.36236236236237,-0.31907463111095535,0
62.46246246246247,-0.3183845100164036,0
62.56256256256257,-0.24984711484418753,0
62.66266266266267,-0.2119145971197151,0
62.76276276276277,-0.15857871602765145,0
62.86286286286287,0.13270445269609285,1
62.96296296296297,0.061932468892483036,1
63.06306306306307,0.23133205758810776,1
63.16316316316317,0.34352278238436257,1
63.26326326326327,0.30205902099333737,1
63.36336336336337,0.3737177587866405,1
63.46346346346347,0.5953846745020408,1
63.56356356356357,0.55379440683785,1
63.66366366366367,0.6673508745752437,1
63.76376376376377,0.6557270016857485,1
63.86386386386387,0.6729261697496415,1
63.96396396396397,0.8432757044684736,1
64.06406406406407,1.0554590815674096,1
64.16416416416416,0.7766547019954022,1
64.26426426426427,1.0756375987466866,1
64.36436436436436,1.0224728154520304,1
64.46446446446447,1.042298437185516,1
64.56456456456456,1.0112426739183031,1
64.66466466466467,1.0419468867345005,1
64.76476476476476,0.9566420596396569,1
64.86486486486487,0.7583099935475264,1
64.96496496496496,0.7529726991893063,1
65.06506506506507,0.6545127734851905,1
65.16516516516516,0.8605294355445207,1
65.26526526526527,0.7292662737338317,1
65.36536536536536,0.6042822810109822,1
65.46546546546547,0.31745200115754435,1
65.56556556556556,0.4589617727968056,1
65.66566566566567,0.3926335225410239,1
65.76576576576576,0.171096824980456,1
65.86586586586587,-0.10343921052432196,0
65.96596596596596,0.025427666241092356,1
66.06606606606607,-0.0812888529845791,0
66.16616616616616,-0.18082722820671018,0
66.26626626626627,-0.20271204254414132,0
66.36636636636636,-0.4716983316569011,0
66.46646646646647,-0.25256752250689124,0
66.56656656656656,-0.5302035204624864,0
66.66666666666667,-0.7183252563893587,0
66.76676676676676,-0.7136307016899319,0
66.86686686686687,-0.8938029091580211,0
66.96696696696696,-0.7279823280288716,0
67.06706706706707,-0.939018349852883,0
67.16716716716716,-0.8909660799940639,0
67.26726726726727,-0.9720264868189118,0
67.36736736736736,-0.8880506704055182,0
67.46746746746747,-1.0021231798586978,0
67.56756756756756,-1.155043568640568,0
67.66766766766767,-0.9214064075435562,0
67.76776776776777,-0.7628533895041097,0
67.86786786786787,-0.949760778479753,0
67.96796796796797,-1.099365537945516,0
68.06806806806807,-0.7938362473288537,0
68.16816816816817,-0.9920764962638036,0
68.26826826826827,-0.7255689173445485,0
68.36836836836838,-0.587748880031952,0
68.46846846846847,-0.5855210377228691,0
68.56856856856858,-0.3418061880908225,0
68.66866866866867,-0.3932316609355429,0
68.76876876876878,-0.35474347752743707,0
68.86886886886887,-0.28699781813533726,0
68.96896896896898,-0.1790431688347655,0
69.06906906906907,0.021521630556231762,1
69.16916916916918,0.013171516538144891,1
69.26926926926927,0.17308704086229537,1
69.36936936936938,0.34303058513855367,1
69.46946946946947,0.31938076895577877,1
69.56956956956958,0.5368442786031349,1
69.66966966966967,0.40119525654181176,1
69.76976976976978,0.6731315707380761,1
69.86986986986987,0.4567691750990883,1
69.96996996996998,0.6761452537957,1
70.07007007007007,0.7725344156783343,1
70.17017017017018,0.8398265256911777,1
70.27027027027027,0.8628034092618572,1
70.37037037037038,0.9346768055686924,1
70.47047047047047,0.9210359703793517,1
70.57057057057058,0.9583309839293574,1
70.67067067067067,1.059457269391385,1
70.77077077077078,0.9364387261837467,1
70.87087087087087,0.9617483006129346,1
70.97097097097098,0.96987591236048,1
71.07107107107107,0.8584679447228296,1
71.17117117117118,1.030151070784983,1
71.27127127127127,0.7171604151042059,1
71.37137137137138,0.5857866256830931,1
71.47147147147147,0.7962012911616505,1
71.57157157157158,0.7046240534572336,1
71.67167167167167,0.5681660817041267,1
71.77177177177178,0.5817581742919218,1
71.87187187187187,0.3878461378926865,1
71.97197197197198,0.29596967248197714,1
72.07207207207207,0.19901083090016075,1
72.17217217217218,0.31520401211207516,1
72.27227227227228,-0.13004030383499504,0
72.37237237237238,-0.3135521301482132,0
72.47247247247248,-0.1206450805563412,0
72.57257257257258,-0.3344929056124852,0
72.67267267267268,-0.41967979177487147,0
72.77277277277278,-0.3954259068699074,0
72.87287287287288,-0.6424798547748228,0
72.97297297297298,-0.8320980839619884,0
73.07307307307308,-0.46228284114253804,0
73.17317317317318,-0.9185649387931891,0
73.27327327327328,-0.785361864664164,0
73.37337337337338,-0.7979879138763469,0
73.47347347347348,-0.842289510491429,0
73.57357357357358,-0.9052699826724753,0
73.67367367367368,-0.9384919562612547,0
73.77377377377378,-0.9659816616413109,0
73.87387387387388,-0.8951058337319172,0
73.97397397397398,-1.1058910830187296,0
74.07407407407408,-1.0393829690661804,0
74.17417417417418,-0.9195740219952028,0
74.27427427427428,-0.836466323398889,0
74.37437437437438,-0.7847925198304609,0
74.47447447447448,-0.9207116461599657,0
74.57457457457458,-0.6510455449520554,0
74.67467467467468,-0.6996368784761031,0
74.77477477477478,-0.5915642310896976,0
74.87487487487488,-0.43356540782265257,0
74.97497497497498,-0.30667607062637636,0
75.07507507507508,-0.15354140184948156,0
75.17517517517518,-0.0964961478893514,0
75.27527527527528,-0.18199352056656765,0
75.37537537537538,-0.11490090384773637,0
75.47547547547548,0.06868556636092585,1
75.57557557557558,0.14340914463145926,1
75.67567567567568,0.24103027036248478,1
75.77577577577578,0.2612677716249534,1
75.87587587587588,0.5466321794484821,1
75.97597597597598,0.6866538563515555,1
76.07607607607608,0.7561551471661347,1
76.17617617617618,0.7365358261858812,1
76.27627627627628,0.8018784130600971,1
76.37637637637638,0.6492152069392635,1
76.47647647647648,1.0490881577808877,1
76.57657657657658,0.9618037815020278,1
76.67667667667668,1.2054288743260504,1
76.77677677677679,1.0904827741937695,1
76.87687687687688,1.135788646358971,1
76.97697697697699,1.0580624258259674,1
77.07707707707708,0.9213868661388658,1
77.17717717717719,1.0781087245484309,1
77.27727727727728,1.0780053441740085,1
77.37737737737739,0.837744964077606,1
77.47747747747748,0.8848184833485431,1
77.57757757757759,0.9116874494088807,1
77.67767767767768,0.7703770508381813,1
77.77777777777779,0.7110372310339742,1
77.87787787787788,0.6029995371225692,1
77.97797797797799,0.6345377892428483,1
78.07807807807808,0.33243712924080004,1
78.17817817817819,0.21559976593819433,1
78.27827827827828,0.09862685011263891,1
78.37837837837839,0.23189635200261857,1
78.47847847847848,0.08522534889265099,1
78.57857857857859,-0.015838211574784256,0
78.67867867867868,-0.1727753226969067,0
78.77877877877879,-0.3033066116511053,0
78.87887887887888,-0.36599779430384166,0
78.97897897897899,-0.5613269987283118,0
79.07907907907908,-0.3457352566368499,0
79.17917917917919,-0.6310888562562006,0
79.27927927927928,-0.8413600776035155,0
79.37937937937939,-0.7741804232417989,0
79.47947947947948,-0.8075223688849887,0
79.57957957957959,-0.8447874308849671,0
79.67967967967968,-0.8926870451241669,0
79.77977977977979,-1.0105676148811473,0
79.87987987987988,-1.0217314826530837,0
79.97997997997999,-1.0680834602762996,0
80.08008008008008,-0.9020036061865677,0
80.18018018018019,-1.1730859705145085,0
80.28028028028028,-0.8604454868408127,0
80.38038038038039,-1.1414091214149753,0
80.48048048048048,-0.9473584670661134,0
80.58058058058059,-0.8515548823627561,0
80.68068068068068,-0.7572352435545993,0
80.78078078078079,-0.7837536544845012,0
80.88088088088088,-0.8015032710092389,0
80.98098098098099,-0.6852133893120683,0
81.08108108108108,-0.7219424826793945,0
81.18118118118119,-0.7013186558653863,0
81.28128128128128,-0.5035025395253035,0
81.38138138138139,-0.3295250769371819,0
81.48148148148148,-0.12695385859202085,0
81.58158158158159,-0.2112059964787083,0
81.68168168168168,-0.11916057408444586,0
81.78178178178179,0.09921157868712907,1
81.88188188188188,0.3565843991909431,1
81.98198198198199,0.43096596025163336,1
82.08208208208208,0.3764445671726595,1
82.18218218218219,0.5515594671337508,1
82.28228228228228,0.5252590290440339,1
82.38238238238239,0.6986760796961464,1
82.48248248248248,0.7167805924485781,1
82.58258258258259,0.6515244551738344,1
82.68268268268268,0.9207364852815678,1
82.78278278278279,0.9527306725322792,1
82.88288288288288,0.7966059073437176,1
82.98298298298299,0.9731012539413921,1
83.08308308308308,0.9388076482211443,1
83.18318318318319,0.9248693228291652,1
83.28328328328328,1.013901501836654,1
83.38338338338339,0.9778506775969397,1
83.48348348348348,0.864637519849471,1
83.58358358358359,0.825201424872243,1
83.68368368368368,0.8249755065437728,1
83.78378378378379,0.9012889896881462,1
83.88388388388388,0.7813987470422654,1
83.98398398398399,0.789075470010292,1
84.08408408408408,0.6307036660358203,1
84.18418418418419,0.6407754869038961,1
84.28428428428428,0.33383064308980215,1
84.38438438438439,0.43864069344714307,1
84.48448448448448,0.2795147406773781,1
84.58458458458459,-0.021256231316931523,0
84.68468468468468,0.004833706326352105,1
84.78478478478479,0.13859094569788327,1
84.88488488488488,-0.09605374917304331,0
84.98498498498499,-0.14094910266298452,0
85.08508508508508,-0.08867721761897462,0
85.18518518518519,-0.3014008200393739,0
85.28528528528528,-0.43414274410899256,0
85.38538538538539,-0.6351823724907806,0
85.4854854854855,-0.6130997387796284,0
85.58558558558559,-0.833064082529819,0
85.6856856856857,-0.9040314817662157,0
85.78578578578579,-0.8495608090913129,0
85.8858858858859,-0.8199341282918912,0
85.98598598598599,-0.7833755126301978,0
86.0860860860861,-0.9709649764022492,0
86.18618618618619,-1.0896785686856503,0
86.2862862862863,-1.0525154923759863,0
86.38638638638639,-0.9125584418702642,0
86.4864864864865,-1.0097917360835709,0
86.58658658658659,-0.87159280279921,0
86.6866866866867,-0.9350823239865962,0
86.78678678678679,-0.9563210163532939,0
86.8868868868869,-0.9067238557504759,0
86.98698698698699,-0.7912205308107428,0
87.0870870870871,-0.8074552454582179,0
87.18718718718719,-0.5777022105748613,0
87.2872872872873,-0.6240268635159985,0
87.38738738738739,-0.5643195510909532,0
87.4874874874875,-0.47653731988028986,0
87.58758758758759,-0.28557675646965286,0
87.6876876876877,-0.2605071770768841,0
87.78778778778779,-0.20101226634149424,0
87.8878878878879,-0.183863300920965,0
87.98798798798799,0.14647053562690956,1
88.0880880880881,0.20297567959471802,1
88.18818818818819,0.44187837911356154,1
88.2882882882883,0.2820077380984222,1
88.38838838838839,0.3554644683187175,1
88.4884884884885,0.43026825871351054,1
88.58858858858859,0.5157464767925196,1
88.6886886886887,0.5671485482114941,1
88.78878878878879,0.7299563913937186,1
88.8888888888889,0.7582842444706912,1
88.988988988989,0.8176922185558188,1
89.0890890890891,0.9797184987196615,1
89.1891891891892,0.8066963712361058,1
89.2892892892893,0.9718875427873748,1
89.3893893893894,1.0521182309264612,1
89.4894894894895,1.1813689301673116,1
89.5895895895896,1.0095656852205939,1
89.6896896896897,0.9583969269191122,1
89.7897897897898,0.968473103123194,1
89.8898898898899,0.8186532176287318,1
89.98998998999,1.0082621273297185,1
90.0900900900901,0.8680253085753882,1
90.1901901901902,0.7217145723511039,1
90.2902902902903,0.6329002175618991,1
90.3903903903904,0.542943156107171,1
90.4904904904905,0.5062931273618039,1
90.5905905905906,0.37710946404085843,1
90.6906906906907,0.4491228558377742,1
90.7907907907908,0.45246040894512835,1
90.8908908908909,0.11545715859810744,1
90.990990990991,0.048927645125552144,1
91.0910910910911,-0.008029474369039703,0
91.1911911911912,-0.1256589443107063,0
91.2912912912913,-0.09761046564635138,0
91.3913913913914,-0.18061024687509375,0
91.4914914914915,-0.3046710289322132,0
91.5915915915916,-0.6225213739675479,0
91.6916916916917,-0.5049933780551915,0
91.7917917917918,-0.6419153106741888,0
91.8918918918919,-0.7593436706242506,0
91.991991991992,-0.8155619401398893,0
92.0920920920921,-0.8843022928731835,0
92.1921921921922,-0.8913136188244658,0
92.2922922922923,-0.9028910166975939,0
92.3923923923924,-0.9667912457099979,0
92.4924924924925,-0.9446077604202525,0
92.5925925925926,-0.9758763020195533,0
92.6926926926927,-0.8453121097424144,0
92.7927927927928,-1.1260766543012475,0
92.8928928928929,-0.8907813481749687,0
92.992992992993,-1.004100321692011,0
93.0930930930931,-0.6546813976171659,0
93.1931931931932,-0.8933242998166542,0
93.2932932932933,-0.9103407741815976,0
93.3933933933934,-0.7066354299357919,0
93.4934934934935,-0.6496720106796953,0
93.5935935935936,-0.518211010429594,0
93.6936936936937,-0.5038345753484319,0
93.7937937937938,-0.5370013267023149,0
93.8938938938939,-0.37867557440389504,0
93.993993993994,-0.3586479651496113,0
94.0940940940941,-0.3698174066496669,0
94.1941941941942,-0.03408154879193521,0
94.2942942942943,0.005512519547242231,1
94.3943943943944,0.46019607301477683,1
94.4944944944945,0.1753929887628934,1
94.5945945945946,0.2688118857524202,1
94.6946946946947,0.6220303972486079,1
94.7947947947948,0.46111706351756243,1
94.8948948948949,0.6482205520865183,1
94.994994994995,0.7027059578397428,1
95.0950950950951,0.5876234419198418,1
95.1951951951952,0.7441191555652233,1
95.2952952952953,0.8196213307824198,1
95.3953953953954,1.0175665682484485,1
95.4954954954955,1.0345178383474374,1
95.5955955955956,1.093694810844546,1
95.6956956956957,1.1454465890703118,1
95.7957957957958,1.0512981953521845,1
95.8958958958959,0.934587424145074,1
95.995995995996,0.8964583790886627,1
96.0960960960961,1.0304859190897362,1
96.1961961961962,0.9769199636365745,1
96.2962962962963,0.8166787112486978,1
96.3963963963964,0.7785888806054575,1
96.4964964964965,0.7409606946166579,1
96.5965965965966,0.7690254939714933,1
96.6966966966967,0.5491004058617411,1
96.7967967967968,0.5715779215900502,1
96.8968968968969,0.5534199661056429,1
96.996996996997,0.4869185962519902,1
97.0970970970971,0.275211269830176,1
97.1971971971972,0.05333805449708637,1
97.2972972972973,0.2850156974103451,1
97.3973973973974,0.06597606697034997,1
97.4974974974975,-0.01017490242071549,0
97.5975975975976,-0.3803865995346395,0
97.6976976976977,-0.30987096019859434,0
97.7977977977978,-0.49688137644793184,0
97.8978978978979,-0.519008684630216,0
97.997997997998,-0.5267226037275105,0
98.0980980980981,-0.4717079356622746,0
98.1981981981982,-0.6725155233433182,0
98.2982982982983,-0.9096861627476299,0
98.3983983983984,-0.9634221242436687,0
98.4984984984985,-1.035354267956596,0
98.5985985985986,-0.8064463335970702,0
98.6986986986987,-0.8590939554571551,0
98.7987987987988,-0.9779057732182145,0
98.8988988988989,-1.1320042058301425,0
98.998998998999,-1.1012137532545323,0
99.0990990990991,-0.9197373370732328,0
99.1991991991992,-0.8461714531296709,0
99.2992992992993,-1.0336833574292097,0
99.3993993993994,-0.7012061813623063,0
99.4994994994995,-0.7592984664897313,0
99.5995995995996,-0.9328521473140253,0
99.6996996996997,-0.659574726955002,0
99.7997997997998,-0.4676201380415447,0
99.8998998998999,-0.662963425487809,0
100.0,-0.4665963801370932,0
